year,predicted_income_per_capita
2048,64485.71620065346
1997,22233.99736429518
2087,96795.85413433914
2080,90996.59860778018
2059,73598.8320281033
2003,27204.7878156316
2048,64485.71620065346
2009,32175.578266967786
1992,18091.67198818177
2067,80226.55262988503
2018,39631.763943972066
2030,49573.34484664467
2029,48744.879771421896
2078,89339.66845733486
2045,62000.32097498537
2071,83540.4129307759
2012,34660.97349263588
2028,47916.414696199354
2039,57029.530523649184
2015,37146.36871830397
