experience,test_score,interview_score,predicted_salary
5,8,9,66414.84716157205
3,7,6,52327.51091703056
10,9,8,80120.08733624454
0,5,5,37991.99417758369
8,6,7,66751.81950509461
